Prompt Index,Prompt Suffix,ArtFID,FID,LPIPS,LPIPS_gray
0,reminiscent of the Peanuts comic strip.,25.2036075592041,13.007725026473407,0.7992649078369141,0.7232528328895569
