Prompt Folder,ArtFID,FID,LPIPS,LPIPS_gray
prompt_0,20.49267578125,10.514160469465683,0.779780387878418,0.7053762078285217
prompt_1,27.67215919494629,14.283238608138909,0.8106215000152588,0.7365126013755798
prompt_2,22.89620018005371,11.837485682099611,0.7835423946380615,0.7053452730178833
prompt_3,24.784595489501953,13.08940986989983,0.7590939998626709,0.691651463508606
prompt_4,28.35277557373047,14.746852281935075,0.8005360960960388,0.7246134281158447
